{
    "name": "root",
    "gauges": {
        "StackBall.Policy.Entropy.mean": {
            "value": 0.03920949995517731,
            "min": 0.03920949995517731,
            "max": 0.24292996525764465,
            "count": 11
        },
        "StackBall.Policy.Entropy.sum": {
            "value": 783.5626220703125,
            "min": 783.5626220703125,
            "max": 4879.97705078125,
            "count": 11
        },
        "StackBall.Environment.EpisodeLength.mean": {
            "value": 298.375,
            "min": 254.11627906976744,
            "max": 953.9473684210526,
            "count": 11
        },
        "StackBall.Environment.EpisodeLength.sum": {
            "value": 23870.0,
            "min": 10927.0,
            "max": 23870.0,
            "count": 11
        },
        "StackBall.Step.mean": {
            "value": 299983.0,
            "min": 99962.0,
            "max": 299983.0,
            "count": 11
        },
        "StackBall.Step.sum": {
            "value": 299983.0,
            "min": 99962.0,
            "max": 299983.0,
            "count": 11
        },
        "StackBall.Policy.ExtrinsicValueEstimate.mean": {
            "value": 27.92918586730957,
            "min": 15.032974243164062,
            "max": 34.996482849121094,
            "count": 11
        },
        "StackBall.Policy.ExtrinsicValueEstimate.sum": {
            "value": 9886.931640625,
            "min": 3833.408447265625,
            "max": 11303.8642578125,
            "count": 11
        },
        "StackBall.Environment.CumulativeReward.mean": {
            "value": 99.0163043409586,
            "min": 54.31051920181097,
            "max": 344.310175669257,
            "count": 11
        },
        "StackBall.Environment.CumulativeReward.sum": {
            "value": 7921.304347276688,
            "min": 2335.3523256778717,
            "max": 7921.304347276688,
            "count": 11
        },
        "StackBall.Policy.ExtrinsicReward.mean": {
            "value": 99.0163043409586,
            "min": 54.31051920181097,
            "max": 344.310175669257,
            "count": 11
        },
        "StackBall.Policy.ExtrinsicReward.sum": {
            "value": 7921.304347276688,
            "min": 2335.3523256778717,
            "max": 7921.304347276688,
            "count": 11
        },
        "StackBall.Losses.PolicyLoss.mean": {
            "value": 0.048490423061663186,
            "min": 0.04325420810879829,
            "max": 0.052223111215668416,
            "count": 11
        },
        "StackBall.Losses.PolicyLoss.sum": {
            "value": 0.3394329614316423,
            "min": 0.22559083299711344,
            "max": 0.41778488972534733,
            "count": 11
        },
        "StackBall.Losses.ValueLoss.mean": {
            "value": 24.586707216217402,
            "min": 12.190725129445394,
            "max": 24.586707216217402,
            "count": 11
        },
        "StackBall.Losses.ValueLoss.sum": {
            "value": 172.1069505135218,
            "min": 60.95362564722697,
            "max": 187.96640383402507,
            "count": 11
        },
        "StackBall.Policy.LearningRate.mean": {
            "value": 0.00021307357183262857,
            "min": 0.00021307357183262857,
            "max": 0.00027218172927276,
            "count": 11
        },
        "StackBall.Policy.LearningRate.sum": {
            "value": 0.0014915150028284,
            "min": 0.0013609086463638,
            "max": 0.0021370038876654,
            "count": 11
        },
        "StackBall.Policy.Epsilon.mean": {
            "value": 0.17102451428571427,
            "min": 0.17102451428571427,
            "max": 0.19072724000000002,
            "count": 11
        },
        "StackBall.Policy.Epsilon.sum": {
            "value": 1.1971716,
            "min": 0.9536362,
            "max": 1.5123346,
            "count": 11
        },
        "StackBall.Policy.Beta.mean": {
            "value": 0.003554123262857143,
            "min": 0.003554123262857143,
            "max": 0.004537289276000001,
            "count": 11
        },
        "StackBall.Policy.Beta.sum": {
            "value": 0.02487886284,
            "min": 0.022686446380000006,
            "max": 0.035625496539999996,
            "count": 11
        },
        "StackBall.IsTraining.mean": {
            "value": 1.0,
            "min": 1.0,
            "max": 1.0,
            "count": 11
        },
        "StackBall.IsTraining.sum": {
            "value": 1.0,
            "min": 1.0,
            "max": 1.0,
            "count": 11
        }
    },
    "metadata": {
        "timer_format_version": "0.1.0",
        "start_time_seconds": "1686808565",
        "python_version": "3.7.2 (tags/v3.7.2:9a3ffc0492, Dec 23 2018, 23:09:28) [MSC v.1916 64 bit (AMD64)]",
        "command_line_arguments": "C:\\Users\\User\\AppData\\Local\\Programs\\Python\\Python37\\Scripts\\mlagents-learn D:\\Github\\MLAgent\\Stack-Ball-3D-Clone-master\\StackBallMLAgent\\Stack-Ball-3D-Clone-master\\MLAgentResult\\StackBall.yaml --run-id=StackBall_01 --resume --time-scale 1.5",
        "mlagents_version": "0.26.0",
        "mlagents_envs_version": "0.26.0",
        "communication_protocol_version": "1.5.0",
        "pytorch_version": "1.7.1+cu110",
        "numpy_version": "1.18.5",
        "end_time_seconds": "1686812479"
    },
    "total": 3914.0531696,
    "count": 1,
    "self": 0.08538939999971262,
    "children": {
        "run_training.setup": {
            "total": 0.20574029999999954,
            "count": 1,
            "self": 0.20574029999999954
        },
        "TrainerController.start_learning": {
            "total": 3913.7620399,
            "count": 1,
            "self": 0.7163895000057892,
            "children": {
                "TrainerController._reset_env": {
                    "total": 27.382958300000002,
                    "count": 1,
                    "self": 27.382958300000002
                },
                "TrainerController.advance": {
                    "total": 3874.9974050999945,
                    "count": 29028,
                    "self": 0.5788059000128669,
                    "children": {
                        "env_step": {
                            "total": 3466.3612850999684,
                            "count": 29028,
                            "self": 3271.42123799998,
                            "children": {
                                "SubprocessEnvManager._take_step": {
                                    "total": 194.37925490000714,
                                    "count": 29028,
                                    "self": 1.631904600000496,
                                    "children": {
                                        "TorchPolicy.evaluate": {
                                            "total": 192.74735030000664,
                                            "count": 28623,
                                            "self": 99.98540830001406,
                                            "children": {
                                                "TorchPolicy.sample_actions": {
                                                    "total": 92.76194199999259,
                                                    "count": 28623,
                                                    "self": 92.76194199999259
                                                }
                                            }
                                        }
                                    }
                                },
                                "workers": {
                                    "total": 0.5607921999816199,
                                    "count": 29027,
                                    "self": 0.0,
                                    "children": {
                                        "worker_root": {
                                            "total": 3869.134935800051,