{
    "name": "root",
    "gauges": {
        "StackBall.Policy.Entropy.mean": {
            "value": 0.2258167266845703,
            "min": 0.2258167266845703,
            "max": 0.5961273908615112,
            "count": 4
        },
        "StackBall.Policy.Entropy.sum": {
            "value": 4557.884765625,
            "min": 4557.884765625,
            "max": 12094.232421875,
            "count": 4
        },
        "StackBall.Environment.EpisodeLength.mean": {
            "value": 215.57777777777778,
            "min": 36.85408560311284,
            "max": 295.6875,
            "count": 4
        },
        "StackBall.Environment.EpisodeLength.sum": {
            "value": 19402.0,
            "min": 18924.0,
            "max": 19499.0,
            "count": 4
        },
        "StackBall.Step.mean": {
            "value": 79941.0,
            "min": 19969.0,
            "max": 79941.0,
            "count": 4
        },
        "StackBall.Step.sum": {
            "value": 79941.0,
            "min": 19969.0,
            "max": 79941.0,
            "count": 4
        },
        "StackBall.Policy.ExtrinsicValueEstimate.mean": {
            "value": 10.264135360717773,
            "min": -1.8901751041412354,
            "max": 10.264135360717773,
            "count": 4
        },
        "StackBall.Policy.ExtrinsicValueEstimate.sum": {
            "value": 3695.0888671875,
            "min": -1213.492431640625,
            "max": 3695.0888671875,
            "count": 4
        },
        "StackBall.Environment.CumulativeReward.mean": {
            "value": 38.3637506114112,
            "min": -4.054068893766763,
            "max": 38.3637506114112,
            "count": 4
        },
        "StackBall.Environment.CumulativeReward.sum": {
            "value": 3452.737555027008,
            "min": -2083.791411396116,
            "max": 3452.737555027008,
            "count": 4
        },
        "StackBall.Policy.ExtrinsicReward.mean": {
            "value": 38.3637506114112,
            "min": -4.054068893766763,
            "max": 38.3637506114112,
            "count": 4
        },
        "StackBall.Policy.ExtrinsicReward.sum": {
            "value": 3452.737555027008,
            "min": -2083.791411396116,
            "max": 3452.737555027008,
            "count": 4
        },
        "StackBall.Losses.PolicyLoss.mean": {
            "value": 0.04810791567766241,
            "min": 0.04433930659433827,
            "max": 0.050901445189845705,
            "count": 4
        },
        "StackBall.Losses.PolicyLoss.sum": {
            "value": 0.3367554097436369,
            "min": 0.3367554097436369,
            "max": 0.36911797371382515,
            "count": 4
        },
        "StackBall.Losses.ValueLoss.mean": {
            "value": 11.114490045819965,
            "min": 1.1338776600857576,
            "max": 11.114490045819965,
            "count": 4
        },
        "StackBall.Losses.ValueLoss.sum": {
            "value": 77.80143032073975,
            "min": 9.071021280686061,
            "max": 77.80143032073975,
            "count": 4
        },
        "StackBall.Policy.LearningRate.mean": {
            "value": 0.00027902726413377144,
            "min": 0.00027902726413377144,
            "max": 0.0002969102581727714,
            "count": 4
        },
        "StackBall.Policy.LearningRate.sum": {
            "value": 0.0019531908489364,
            "min": 0.0019531908489364,
            "max": 0.0023286078237974,
            "count": 4
        },
        "StackBall.Policy.Epsilon.mean": {
            "value": 0.1930090857142857,
            "min": 0.1930090857142857,
            "max": 0.19897008571428573,
            "count": 4
        },
        "StackBall.Policy.Epsilon.sum": {
            "value": 1.3510636,
            "min": 1.3510636,
            "max": 1.5762026,
            "count": 4
        },
        "StackBall.Policy.Beta.mean": {
            "value": 0.004651153377142857,
            "min": 0.004651153377142857,
            "max": 0.004948607277142856,
            "count": 4
        },
        "StackBall.Policy.Beta.sum": {
            "value": 0.03255807364,
            "min": 0.03255807364,
            "max": 0.03881250974,
            "count": 4
        },
        "StackBall.IsTraining.mean": {
            "value": 1.0,
            "min": 1.0,
            "max": 1.0,
            "count": 4
        },
        "StackBall.IsTraining.sum": {
            "value": 1.0,
            "min": 1.0,
            "max": 1.0,
            "count": 4
        }
    },
    "metadata": {
        "timer_format_version": "0.1.0",
        "start_time_seconds": "1686805093",
        "python_version": "3.7.2 (tags/v3.7.2:9a3ffc0492, Dec 23 2018, 23:09:28) [MSC v.1916 64 bit (AMD64)]",
        "command_line_arguments": "C:\\Users\\User\\AppData\\Local\\Programs\\Python\\Python37\\Scripts\\mlagents-learn D:\\Github\\MLAgent\\Stack-Ball-3D-Clone-master\\StackBallMLAgent\\Stack-Ball-3D-Clone-master\\MLAgentResult\\StackBall.yaml --run-id=StackBall_01 --force --time-scale 1.5",
        "mlagents_version": "0.26.0",
        "mlagents_envs_version": "0.26.0",
        "communication_protocol_version": "1.5.0",
        "pytorch_version": "1.7.1+cu110",
        "numpy_version": "1.18.5",
        "end_time_seconds": "1686806373"
    },
    "total": 1280.0158932,
    "count": 1,
    "self": 0.0072637000000668195,
    "children": {
        "run_training.setup": {
            "total": 0.09435130000000003,
            "count": 1,
            "self": 0.09435130000000003
        },
        "TrainerController.start_learning": {
            "total": 1279.9142782,
            "count": 1,
            "self": 0.2296680000008564,
            "children": {
                "TrainerController._reset_env": {
                    "total": 9.790070799999999,
                    "count": 1,
                    "self": 9.790070799999999
                },
                "TrainerController.advance": {
                    "total": 1269.286932899999,
                    "count": 11253,
                    "self": 0.21515280000403436,
                    "children": {
                        "env_step": {
                            "total": 1148.344522499994,
                            "count": 11253,
                            "self": 1079.7704201000058,
                            "children": {
                                "SubprocessEnvManager._take_step": {
                                    "total": 68.36861480000044,
                                    "count": 11253,
                                    "self": 0.6026611999941451,
                                    "children": {
                                        "TorchPolicy.evaluate": {
                                            "total": 67.7659536000063,
                                            "count": 10636,
                                            "self": 33.84103390000628,
                                            "children": {
                                                "TorchPolicy.sample_actions": {
                                                    "total": 33.92491970000002,
                                                    "count": 10636,
                                                    "self": 33.92491970000002
                                                }
                                            }
                                        }
                                    }
                                },
                                "workers": {
                                    "total": 0.2054875999876451,
                                    "count": 11252,
                                    "self": 0.0,
                                    "children": {
                                        "worker_root": {
                                            "total": 1270.1816013000055,
                                            "count": 11252,